{
  "mae": 2539.576983232588,
  "r2": 0.863706244420744,
  "n_train": 1070,
  "n_test": 268
}